"VMName","ResourceGroup","Location","VMSize","OSType","PowerState","GovernanceStatus","CKID_Status","CKID","EMASS","VASI","EstMonthly_USD"
"VAC20MULCNG801","CNG-DEVTEST-INT-EAST-CDWNG-VM-RG","usgovvirginia","Standard_D2s_v4","Windows","Unknown","Billing Only","Mapped","1501","","","155.49"
"VAC20MULCNG802","CNG-DEVTEST-INT-EAST-CDWNG-VM-RG","usgovvirginia","Standard_D2s_v4","Windows","Unknown","Billing Only","Mapped","1501","","","155.49"
"VAC20TMSCNG801","CNG-DEVTEST-INT-EAST-CDWNG-VM-RG","usgovvirginia","Standard_D16ds_v4","Windows","Unknown","Billing Only","Mapped","1501","","","1,372.40"
"VAC20TMSCNG802","CNG-DEVTEST-INT-EAST-CDWNG-VM-RG","usgovvirginia","Standard_D16ds_v4","Windows","Unknown","Billing Only","Mapped","1501","","","1,372.40"
"VAC20TMSCNG803","CNG-DEVTEST-INT-EAST-CDWNG-VM-RG","usgovvirginia","Standard_D16ds_v4","Windows","Unknown","Billing Only","Mapped","1501","","","1,372.40"
"be934e6c7c0a442682d02c736c5f7e42","CNG-DEVTEST-INT-EAST-CORE-MRG-BRK801P18296-RG","usgovvirginia","Standard_DS3_v2","Linux","Unknown","Billing Only","Mapped","1501","","","208.05"
"d4abbcebe5d14808890fca4f460adb1b","CNG-DEVTEST-INT-EAST-CORE-MRG-BRK801P18296-RG","usgovvirginia","Standard_DS3_v2","Linux","Unknown","Billing Only","Mapped","1501","","","208.05"
"VAC20MULCNG401","CNG-PREPROD-INT-EAST-CDWNG-VM-RG","usgovvirginia","Standard_D16_v4","Windows","Unknown","Billing Only","Mapped","1501","","","1,243.92"
"VAC20TMSCNG401","CNG-PREPROD-INT-EAST-CDWNG-VM-RG","usgovvirginia","Standard_D16s_v4","Windows","Unknown","Billing Only","Mapped","1501","","","1,243.92"
"VAC20TMSCNG402","CNG-PREPROD-INT-EAST-CDWNG-VM-RG","usgovvirginia","Standard_D16s_v4","Windows","Unknown","Billing Only","Mapped","1501","","","1,243.92"
"VAC20TMSCNG403","CNG-PREPROD-INT-EAST-CDWNG-VM-RG","usgovvirginia","Standard_D16s_v4","Windows","Unknown","Billing Only","Mapped","1501","","","1,243.92"
"VAC20TMSCNG404","CNG-PREPROD-INT-EAST-CDWNG-VM-RG","usgovvirginia","Standard_D16s_v4","Windows","Unknown","Billing Only","Mapped","1501","","","1,243.92"
"28a29c732ac64ca0b3685dfeb8566544","CNG-PREPROD-INT-EAST-OIVC-MRG-BRK401C22036-RG","usgovvirginia","Standard_E8d_v4","Linux","Unknown","Billing Only","Mapped","1501","","","505.16"
"5c359aa5fdb54379998b15774cadf158","CNG-PREPROD-INT-EAST-OIVC-MRG-BRK401C22036-RG","usgovvirginia","Standard_E8d_v4","Linux","Unknown","Billing Only","Mapped","1501","","","505.16"
"716b1732c879487fa03adca91cb97981","CNG-PREPROD-INT-EAST-OIVC-MRG-BRK401C22036-RG","usgovvirginia","Standard_E8d_v4","Linux","Unknown","Billing Only","Mapped","1501","","","505.16"
"017d0ebadc0b4cc29c0c9408a70cc949","CNG-PREPROD-INT-EAST-OIVC-MRG-BRK401C22285-RG","usgovvirginia","Standard_E8d_v4","Linux","Unknown","Billing Only","Mapped","1501","","","505.16"
"1fdf2584e5fd4cc1a7f7b54ec3fd9ce8","CNG-PREPROD-INT-EAST-OIVC-MRG-BRK401C22285-RG","usgovvirginia","Standard_E8d_v4","Linux","Unknown","Billing Only","Mapped","1501","","","505.16"
"962776b2d8cf4c0abc56d416cc8bb771","CNG-PREPROD-INT-EAST-OIVC-MRG-BRK401C22285-RG","usgovvirginia","Standard_E16d_v4","Linux","Unknown","Billing Only","Mapped","1501","","","1,010.32"
"b7b880f8cdbe4b2e89e38ab2cd4036ff","CNG-PREPROD-INT-EAST-OIVC-MRG-BRK401C22285-RG","usgovvirginia","Standard_E8d_v4","Linux","Unknown","Billing Only","Mapped","1501","","","505.16"
"d711e435d1944c61a02ded8dd22a10b9","CNG-PREPROD-INT-EAST-OIVC-MRG-BRK401C22285-RG","usgovvirginia","Standard_E8d_v4","Linux","Unknown","Billing Only","Mapped","1501","","","505.16"
"f5a3089c5b8743e0b0156ebbbee19781","CNG-PREPROD-INT-EAST-OIVC-MRG-BRK401C22285-RG","usgovvirginia","Standard_E8d_v4","Linux","Unknown","Billing Only","Mapped","1501","","","505.16"
"55cad1f5a5804b2e9e6679f08a42d2e3","CNG-PREPROD-INT-EAST-OMHSP-MRG-BRK401C23242-RG","usgovvirginia","Standard_E8d_v4","Linux","Unknown","Billing Only","Mapped","1501","","","505.16"
"b3e526b6729e416b93ddedb93662523a","CNG-PREPROD-INT-EAST-OMHSP-MRG-BRK401C23242-RG","usgovvirginia","Standard_E8d_v4","Linux","Unknown","Billing Only","Mapped","1501","","","505.16"
"dad14747491443e4b180590790ce3292","CNG-PREPROD-INT-EAST-OMHSP-MRG-BRK401C23242-RG","usgovvirginia","Standard_E8d_v4","Linux","Unknown","Billing Only","Mapped","1501","","","505.16"
"VAC20DEVCNG401","CNG-PREPROD-INT-EAST-TMP-D365-RG","usgovvirginia","Standard_E4as_v6","Windows","Unknown","Billing Only","Mapped","1501","","","354.78"
"0459f470c4484eb6af1edeeab1e7a443","CNG-PREPROD-INT-EAST-VISN20-MRG-BRK401C7137-RG","usgovvirginia","Standard_DS3_v2","Linux","Unknown","Billing Only","Mapped","1501","","","208.05"
"05e570f0a5f1441fa1b2d524c2c6947d","CNG-PREPROD-INT-EAST-VISN20-MRG-BRK401C7137-RG","usgovvirginia","Standard_DS3_v2","Linux","Unknown","Billing Only","Mapped","1501","","","208.05"
"08dad1a5b8ca4f42bcc43e4c72557292","CNG-PREPROD-INT-EAST-VISN20-MRG-BRK401C7137-RG","usgovvirginia","Standard_DS3_v2","Linux","Unknown","Billing Only","Mapped","1501","","","208.05"
"23260095e1b04cbbb8c8363e21cfe0ea","CNG-PREPROD-INT-EAST-VISN20-MRG-BRK401C7137-RG","usgovvirginia","Standard_DS3_v2","Linux","Unknown","Billing Only","Mapped","1501","","","208.05"
"2bb46d59952847d8873fc65704b46fea","CNG-PREPROD-INT-EAST-VISN20-MRG-BRK401C7137-RG","usgovvirginia","Standard_DS3_v2","Linux","Unknown","Billing Only","Mapped","1501","","","208.05"
"448fe7a871194d26a9271202bc10fc50","CNG-PREPROD-INT-EAST-VISN20-MRG-BRK401C7137-RG","usgovvirginia","Standard_DS3_v2","Linux","Unknown","Billing Only","Mapped","1501","","","208.05"
"4c905603a01a475e8d3b6b2be80328c3","CNG-PREPROD-INT-EAST-VISN20-MRG-BRK401C7137-RG","usgovvirginia","Standard_DS3_v2","Linux","Unknown","Billing Only","Mapped","1501","","","208.05"
"53c0d7714d8e4c13b2503eebd417080e","CNG-PREPROD-INT-EAST-VISN20-MRG-BRK401C7137-RG","usgovvirginia","Standard_DS3_v2","Linux","Unknown","Billing Only","Mapped","1501","","","208.05"
"6d1d0ea7d0f54f0cb0d9855f07466835","CNG-PREPROD-INT-EAST-VISN20-MRG-BRK401C7137-RG","usgovvirginia","Standard_DS3_v2","Linux","Unknown","Billing Only","Mapped","1501","","","208.05"
"852270c27ea84b6faec66d59ee2121be","CNG-PREPROD-INT-EAST-VISN20-MRG-BRK401C7137-RG","usgovvirginia","Standard_DS3_v2","Linux","Unknown","Billing Only","Mapped","1501","","","208.05"
"8eecea8422f04e63add8e6afd9019d3f","CNG-PREPROD-INT-EAST-VISN20-MRG-BRK401C7137-RG","usgovvirginia","Standard_DS3_v2","Linux","Unknown","Billing Only","Mapped","1501","","","208.05"
"a3b2bf1e8dac4edba7b998219d567e52","CNG-PREPROD-INT-EAST-VISN20-MRG-BRK401C7137-RG","usgovvirginia","Standard_DS3_v2","Linux","Unknown","Billing Only","Mapped","1501","","","208.05"
"a5c63f32023247858b772d5a568f4172","CNG-PREPROD-INT-EAST-VISN20-MRG-BRK401C7137-RG","usgovvirginia","Standard_DS3_v2","Linux","Unknown","Billing Only","Mapped","1501","","","208.05"
"b0630c5a347d4a94b698c28ca602dc25","CNG-PREPROD-INT-EAST-VISN20-MRG-BRK401C7137-RG","usgovvirginia","Standard_DS3_v2","Linux","Unknown","Billing Only","Mapped","1501","","","208.05"
"b1b2d0bef60e4572b26557bc484462fe","CNG-PREPROD-INT-EAST-VISN20-MRG-BRK401C7137-RG","usgovvirginia","Standard_DS3_v2","Linux","Unknown","Billing Only","Mapped","1501","","","208.05"
"cf04235180e14253af3c8bc5460a21d2","CNG-PREPROD-INT-EAST-VISN20-MRG-BRK401C7137-RG","usgovvirginia","Standard_DS3_v2","Linux","Unknown","Billing Only","Mapped","1501","","","208.05"
"f15df5e8dc134cd3bf86ac33d664b602","CNG-PREPROD-INT-EAST-VISN20-MRG-BRK401C7137-RG","usgovvirginia","Standard_DS3_v2","Linux","Unknown","Billing Only","Mapped","1501","","","208.05"
"f817dcad7e5046c6acfcaecfd319e1cb","CNG-PREPROD-INT-EAST-VISN20-MRG-BRK401C7137-RG","usgovvirginia","Standard_DS3_v2","Linux","Unknown","Billing Only","Mapped","1501","","","208.05"
"fd272732ebb5422fb88cc3392ae6d1cc","CNG-PREPROD-INT-EAST-VISN20-MRG-BRK401C7137-RG","usgovvirginia","Standard_DS3_v2","Linux","Unknown","Billing Only","Mapped","1501","","","208.05"
"fe9281b58027438e80113cae41f42c0e","CNG-PREPROD-INT-EAST-VISN20-MRG-BRK401C7137-RG","usgovvirginia","Standard_DS3_v2","Linux","Unknown","Billing Only","Mapped","1501","","","208.05"
"feb25ad7a6174205b02907ebaf036cbf","CNG-PREPROD-INT-EAST-VISN20-MRG-BRK401C7137-RG","usgovvirginia","Standard_DS3_v2","Linux","Unknown","Billing Only","Mapped","1501","","","208.05"
"0c898ae375e94ceb9aa4c9477a03a01d","CNG-PREPROD-INT-EAST-VISN22-MRG-BRK401C7306-RG","usgovvirginia","Standard_DS3_v2","Linux","Unknown","Billing Only","Mapped","1501","","","208.05"
"10da7c29e9c44aceb5e54911e68b1989","CNG-PREPROD-INT-EAST-VISN22-MRG-BRK401C7306-RG","usgovvirginia","Standard_DS3_v2","Linux","Unknown","Billing Only","Mapped","1501","","","208.05"
"33ae13fd194d40e9af9026973d340d8b","CNG-PREPROD-INT-EAST-VISN22-MRG-BRK401C7306-RG","usgovvirginia","Standard_E8d_v4","Linux","Unknown","Billing Only","Mapped","1501","","","505.16"
"42bcad9cfcef4795900526e8979ff892","CNG-PREPROD-INT-EAST-VISN22-MRG-BRK401C7306-RG","usgovvirginia","Standard_E8s_v5","Linux","Unknown","Billing Only","Mapped","1501","","","0.00"
"555b41d30a304420bf42862207a900d9","CNG-PREPROD-INT-EAST-VISN22-MRG-BRK401C7306-RG","usgovvirginia","Standard_E8s_v5","Linux","Unknown","Billing Only","Mapped","1501","","","0.00"
"6aeee7e4adbc48fca18eeb3f1745c7df","CNG-PREPROD-INT-EAST-VISN22-MRG-BRK401C7306-RG","usgovvirginia","Standard_D4ds_v5","Linux","Unknown","Billing Only","Mapped","1501","","","208.78"
"6cccbf820f78457aa675b3181beeb2b7","CNG-PREPROD-INT-EAST-VISN22-MRG-BRK401C7306-RG","usgovvirginia","Standard_E8s_v5","Linux","Unknown","Billing Only","Mapped","1501","","","0.00"
"7966fb982ecf4b53b74424db4ecb50d6","CNG-PREPROD-INT-EAST-VISN22-MRG-BRK401C7306-RG","usgovvirginia","Standard_DS3_v2","Linux","Unknown","Billing Only","Mapped","1501","","","208.05"
"b8985f7954bc4cc7b188937c185f3524","CNG-PREPROD-INT-EAST-VISN22-MRG-BRK401C7306-RG","usgovvirginia","Standard_DS3_v2","Linux","Unknown","Billing Only","Mapped","1501","","","208.05"
"VAC20OPSCNG200","CNG-PROD-INT-EAST-CDWNG-VM-RG","usgovvirginia","Standard_D4s_v4","Windows","Unknown","Billing Only","Mapped","1501","","","310.98"
"VAC20OPSCNG201","CNG-PROD-INT-EAST-CDWNG-VM-RG","usgovvirginia","Standard_D2s_v4","Windows","Unknown","Billing Only","Mapped","1501","","","155.49"
"VAC20VSHCNG201","CNG-PROD-INT-EAST-CDWNG-VM-RG","usgovvirginia","Standard_B4ms","Windows","Unknown","Billing Only","Mapped","1501","","","166.44"
"2142d54c59914a8e8345d2a6798bdea9","CNG-PROD-INT-EAST-CMOP-MRG-BRK201C19003-RG","usgovvirginia","Standard_DS3_v2","Linux","Unknown","Billing Only","Mapped","1501","","","208.05"
"50f57755d28049baa72b525e9c5982b5","CNG-PROD-INT-EAST-CMOP-MRG-BRK201C19003-RG","usgovvirginia","Standard_DS3_v2","Linux","Unknown","Billing Only","Mapped","1501","","","208.05"
"03b6e4a907694d2f8609d89cc32c3a7f","CNG-PROD-INT-EAST-CORE-MRG-BRK201P18296-RG","usgovvirginia","Standard_E16s_v5","Linux","Unknown","Billing Only","Mapped","1501","","","0.00"
"308e5fe528b841d0a895fce3ca9141ed","CNG-PROD-INT-EAST-CORE-MRG-BRK201P18296-RG","usgovvirginia","Standard_E16s_v5","Linux","Unknown","Billing Only","Mapped","1501","","","0.00"
"4b115b8cc93c4bd28624b06c56f8104f","CNG-PROD-INT-EAST-CORE-MRG-BRK201P18296-RG","usgovvirginia","Standard_E16s_v5","Linux","Unknown","Billing Only","Mapped","1501","","","0.00"
"5f85dc446e5c483ab7a9c2c885c3350c","CNG-PROD-INT-EAST-CORE-MRG-BRK201P18296-RG","usgovvirginia","Standard_E16s_v5","Linux","Unknown","Billing Only","Mapped","1501","","","0.00"
"6e09dd9d7dd44470b8ea0f5a951d1cec","CNG-PROD-INT-EAST-CORE-MRG-BRK201P18296-RG","usgovvirginia","Standard_E16s_v5","Linux","Unknown","Billing Only","Mapped","1501","","","0.00"
"813983f5c71d4d4f84f581c5ce295ffa","CNG-PROD-INT-EAST-CORE-MRG-BRK201P18296-RG","usgovvirginia","Standard_E16s_v5","Linux","Unknown","Billing Only","Mapped","1501","","","0.00"
"8839560a485048b89196cf083de46207","CNG-PROD-INT-EAST-CORE-MRG-BRK201P18296-RG","usgovvirginia","Standard_E16ds_v4","Linux","Unknown","Billing Only","Mapped","1501","","","1,010.32"
"9b469be45c4941729cd12805e5fbd8db","CNG-PROD-INT-EAST-CORE-MRG-BRK201P18296-RG","usgovvirginia","Standard_E16s_v5","Linux","Unknown","Billing Only","Mapped","1501","","","0.00"
"a06e931c35ff485ba930d42a19b91d71","CNG-PROD-INT-EAST-CORE-MRG-BRK201P18296-RG","usgovvirginia","Standard_E16ds_v4","Linux","Unknown","Billing Only","Mapped","1501","","","1,010.32"
"a329d5fe82a1452fb2867631309d2585","CNG-PROD-INT-EAST-CORE-MRG-BRK201P18296-RG","usgovvirginia","Standard_E16s_v5","Linux","Unknown","Billing Only","Mapped","1501","","","0.00"
"a56ab40e6e4247e3aee60207f4f5a117","CNG-PROD-INT-EAST-CORE-MRG-BRK201P18296-RG","usgovvirginia","Standard_E16s_v5","Linux","Unknown","Billing Only","Mapped","1501","","","0.00"
"aed006d9bc3642b4a14f4a4350cb9916","CNG-PROD-INT-EAST-CORE-MRG-BRK201P18296-RG","usgovvirginia","Standard_E16ds_v4","Linux","Unknown","Billing Only","Mapped","1501","","","1,010.32"
"d04b71944f03460ca8011e36b480dc08","CNG-PROD-INT-EAST-CORE-MRG-BRK201P18296-RG","usgovvirginia","Standard_E64ds_v4","Linux","Unknown","Billing Only","Mapped","1501","","","4,041.28"
"d377704c3a5d41c9a044f76cffea9412","CNG-PROD-INT-EAST-CORE-MRG-BRK201P18296-RG","usgovvirginia","Standard_E16ds_v4","Linux","Unknown","Billing Only","Mapped","1501","","","1,010.32"
"ddcacb16527441bb943d543ccbf0c9af","CNG-PROD-INT-EAST-CORE-MRG-BRK201P18296-RG","usgovvirginia","Standard_E16s_v5","Linux","Unknown","Billing Only","Mapped","1501","","","0.00"
"22478eeb90a5475a8e933b1cbd8fccf8","CNG-PROD-INT-EAST-FSC-MRG-BRK201C2588-RG","usgovvirginia","Standard_E8d_v4","Linux","Unknown","Billing Only","Mapped","1501","","","505.16"
"4e7d93fb613d4e0bb7c60fa2264250e6","CNG-PROD-INT-EAST-FSC-MRG-BRK201C2588-RG","usgovvirginia","Standard_E8d_v4","Linux","Unknown","Billing Only","Mapped","1501","","","505.16"
"5f867c75d1454b0f863d7076266456ab","CNG-PROD-INT-EAST-FSC-MRG-BRK201C2588-RG","usgovvirginia","Standard_E8d_v4","Linux","Unknown","Billing Only","Mapped","1501","","","505.16"
"6227475752dd424097698dc88c148bfe","CNG-PROD-INT-EAST-FSC-MRG-BRK201C2588-RG","usgovvirginia","Standard_E8d_v4","Linux","Unknown","Billing Only","Mapped","1501","","","505.16"
"7e23c59eec854e12ba0a95e1fa355b3b","CNG-PROD-INT-EAST-FSC-MRG-BRK201C2588-RG","usgovvirginia","Standard_E8d_v4","Linux","Unknown","Billing Only","Mapped","1501","","","505.16"
"88c8e4a465a344698d07cedc212a2688","CNG-PROD-INT-EAST-FSC-MRG-BRK201C2588-RG","usgovvirginia","Standard_E8d_v4","Linux","Unknown","Billing Only","Mapped","1501","","","505.16"
"8b50a91e37de43b780d9b42a15a5a255","CNG-PROD-INT-EAST-FSC-MRG-BRK201C2588-RG","usgovvirginia","Standard_E8d_v4","Linux","Unknown","Billing Only","Mapped","1501","","","505.16"
"8ba8cc7c101c403d8f9528e7dd14834b","CNG-PROD-INT-EAST-FSC-MRG-BRK201C2588-RG","usgovvirginia","Standard_E8d_v4","Linux","Unknown","Billing Only","Mapped","1501","","","505.16"
"9e4bd73eedf449738643026011723ecc","CNG-PROD-INT-EAST-FSC-MRG-BRK201C2588-RG","usgovvirginia","Standard_E8d_v4","Linux","Unknown","Billing Only","Mapped","1501","","","505.16"
"d58e1163a8224cc18fde2ed6da5de3f9","CNG-PROD-INT-EAST-FSC-MRG-BRK201C2588-RG","usgovvirginia","Standard_E8d_v4","Linux","Unknown","Billing Only","Mapped","1501","","","505.16"
"e2db497ddb56409980b1b0f7b7a34aaa","CNG-PROD-INT-EAST-FSC-MRG-BRK201C2588-RG","usgovvirginia","Standard_E8d_v4","Linux","Unknown","Billing Only","Mapped","1501","","","505.16"
"f6ea38a35402475eb12e687ec9c50764","CNG-PROD-INT-EAST-FSC-MRG-BRK201C2588-RG","usgovvirginia","Standard_E8d_v4","Linux","Unknown","Billing Only","Mapped","1501","","","505.16"
"19511c0e83854286a4b9dbd7834e15c3","CNG-PROD-INT-EAST-PBM-MRG-BRK201C17464-RG","usgovvirginia","Standard_E8d_v4","Linux","Unknown","Billing Only","Mapped","1501","","","505.16"
"36fc1056b207425fb0d014565ebb8f1f","CNG-PROD-INT-EAST-PBM-MRG-BRK201C17464-RG","usgovvirginia","Standard_E8d_v4","Linux","Unknown","Billing Only","Mapped","1501","","","505.16"
"5580860b2b774b45b2639260195a0172","CNG-PROD-INT-EAST-PBM-MRG-BRK201C17464-RG","usgovvirginia","Standard_E8d_v4","Linux","Unknown","Billing Only","Mapped","1501","","","505.16"
"64fbf13c006c4f5c94d31fe9e3df8398","CNG-PROD-INT-EAST-PBM-MRG-BRK201C17464-RG","usgovvirginia","Standard_E8d_v4","Linux","Unknown","Billing Only","Mapped","1501","","","505.16"
"7ceb8a4a1a694d5db685ed67ae5bae97","CNG-PROD-INT-EAST-PBM-MRG-BRK201C17464-RG","usgovvirginia","Standard_E8d_v4","Linux","Unknown","Billing Only","Mapped","1501","","","505.16"
"9b1043d7b16a4f038c3f51775a4da8f5","CNG-PROD-INT-EAST-PBM-MRG-BRK201C17464-RG","usgovvirginia","Standard_E8d_v4","Linux","Unknown","Billing Only","Mapped","1501","","","505.16"
"a84018d1be5143f6b38849487c07a771","CNG-PROD-INT-EAST-PBM-MRG-BRK201C17464-RG","usgovvirginia","Standard_E8d_v4","Linux","Unknown","Billing Only","Mapped","1501","","","505.16"
"b9610597725b49d58fa23ffbd42f9351","CNG-PROD-INT-EAST-PBM-MRG-BRK201C17464-RG","usgovvirginia","Standard_E8d_v4","Linux","Unknown","Billing Only","Mapped","1501","","","505.16"
"cf6867dca69845ea9dc13592bae22c6c","CNG-PROD-INT-EAST-PBM-MRG-BRK201C17464-RG","usgovvirginia","Standard_E8d_v4","Linux","Unknown","Billing Only","Mapped","1501","","","505.16"
"d4fb0f95a0d14efe9d992b54f56bebe9","CNG-PROD-INT-EAST-PBM-MRG-BRK201C17464-RG","usgovvirginia","Standard_E8d_v4","Linux","Unknown","Billing Only","Mapped","1501","","","505.16"
"ec15a3b913204b81a631733cab87a740","CNG-PROD-INT-EAST-PBM-MRG-BRK201C17464-RG","usgovvirginia","Standard_E8d_v4","Linux","Unknown","Billing Only","Mapped","1501","","","505.16"
"f8be685ed2dd4ea7a630fdae54a841c7","CNG-PROD-INT-EAST-PBM-MRG-BRK201C17464-RG","usgovvirginia","Standard_E8d_v4","Linux","Unknown","Billing Only","Mapped","1501","","","505.16"
"VAC20GHRCNG200","CNG-PROD-INT-EAST-PBM-NCR-RG","usgovvirginia","Standard_D2s_v5","Windows","Unknown","Billing Only","Mapped","1501","","","155.49"
"14e4286d9c324435a01a819d7ec153a3","CNG-PROD-INT-EAST-PLO-MRG-BRK201C23658-RG","usgovvirginia","Standard_E8d_v4","Linux","Unknown","Billing Only","Mapped","1501","","","505.16"
"3534cbad4cd54e9ab8dbe2389cd11db1","CNG-PROD-INT-EAST-PLO-MRG-BRK201C23658-RG","usgovvirginia","Standard_E8d_v4","Linux","Unknown","Billing Only","Mapped","1501","","","505.16"
"42779bf58f744a358423bfd0521379c6","CNG-PROD-INT-EAST-PLO-MRG-BRK201C23658-RG","usgovvirginia","Standard_E8d_v4","Linux","Unknown","Billing Only","Mapped","1501","","","505.16"
"110524d48d964a17b79f3d4d790998ec","CNG-PROD-INT-EAST-VISN08-MRG-BRK201C23486-RG","usgovvirginia","Standard_E8d_v4","Linux","Unknown","Billing Only","Mapped","1501","","","505.16"
"11da715fee044a1f80661301e9fe4359","CNG-PROD-INT-EAST-VISN08-MRG-BRK201C23486-RG","usgovvirginia","Standard_E8d_v4","Linux","Unknown","Billing Only","Mapped","1501","","","505.16"
"cdfaad00c64e4afb8f79c8b7cfcb8e35","CNG-PROD-INT-EAST-VISN08-MRG-BRK201C23486-RG","usgovvirginia","Standard_E8d_v4","Linux","Unknown","Billing Only","Mapped","1501","","","505.16"
"2e7bcbcb9f4a41199cfd39695e7adbe6","CNG-PROD-INT-EAST-VISN17-MRG-BRK201C23421-RG","usgovvirginia","Standard_E16d_v4","Linux","Unknown","Billing Only","Mapped","1501","","","1,010.32"
"8ceaa41866684bebac29f5b3cc8a0c9a","CNG-PROD-INT-EAST-VISN17-MRG-BRK201C23421-RG","usgovvirginia","Standard_E16d_v4","Linux","Unknown","Billing Only","Mapped","1501","","","1,010.32"
"20a8402ea8f345aab99f98c675b23fb2","CNG-PROD-INT-EAST-VISN20-MRG-BRK201C7137-RG","usgovvirginia","Standard_DS3_v2","Linux","Unknown","Billing Only","Mapped","1501","","","208.05"
"28fc21cc24934ce2a619a2e046dfe852","CNG-PROD-INT-EAST-VISN20-MRG-BRK201C7137-RG","usgovvirginia","Standard_DS3_v2","Linux","Unknown","Billing Only","Mapped","1501","","","208.05"
"5aead65aad1047fb99a106520da4a479","CNG-PROD-INT-EAST-VISN20-MRG-BRK201C7137-RG","usgovvirginia","Standard_DS3_v2","Linux","Unknown","Billing Only","Mapped","1501","","","208.05"
"62b0e75be4734f88bb3cac30a945ef7c","CNG-PROD-INT-EAST-VISN20-MRG-BRK201C7137-RG","usgovvirginia","Standard_DS3_v2","Linux","Unknown","Billing Only","Mapped","1501","","","208.05"
"650e01e9025e4b3498c4c80077c9ae2e","CNG-PROD-INT-EAST-VISN20-MRG-BRK201C7137-RG","usgovvirginia","Standard_DS3_v2","Linux","Unknown","Billing Only","Mapped","1501","","","208.05"
"6a76448fc676433eaf59955d57e1f2d0","CNG-PROD-INT-EAST-VISN20-MRG-BRK201C7137-RG","usgovvirginia","Standard_DS3_v2","Linux","Unknown","Billing Only","Mapped","1501","","","208.05"
"6fe6ae154e9d4fc19bf95d44be8e330e","CNG-PROD-INT-EAST-VISN20-MRG-BRK201C7137-RG","usgovvirginia","Standard_DS3_v2","Linux","Unknown","Billing Only","Mapped","1501","","","208.05"
"75a08aa284a64fbca1f4ad63d3fa15e3","CNG-PROD-INT-EAST-VISN20-MRG-BRK201C7137-RG","usgovvirginia","Standard_DS3_v2","Linux","Unknown","Billing Only","Mapped","1501","","","208.05"
"75a0f760d3524b90ad2e140e1da7ca6a","CNG-PROD-INT-EAST-VISN20-MRG-BRK201C7137-RG","usgovvirginia","Standard_DS3_v2","Linux","Unknown","Billing Only","Mapped","1501","","","208.05"
"7649227d5b484bf4a316a8bcd3c296aa","CNG-PROD-INT-EAST-VISN20-MRG-BRK201C7137-RG","usgovvirginia","Standard_DS3_v2","Linux","Unknown","Billing Only","Mapped","1501","","","208.05"
"7b1354d0ef1d47cb9d9ae4de1ad4b860","CNG-PROD-INT-EAST-VISN20-MRG-BRK201C7137-RG","usgovvirginia","Standard_DS3_v2","Linux","Unknown","Billing Only","Mapped","1501","","","208.05"
"7ef13d98a0b0400fa7ea091524084ad9","CNG-PROD-INT-EAST-VISN20-MRG-BRK201C7137-RG","usgovvirginia","Standard_DS3_v2","Linux","Unknown","Billing Only","Mapped","1501","","","208.05"
"8ad2a8ef3dd34bccb2f4deb8ee2a3e8a","CNG-PROD-INT-EAST-VISN20-MRG-BRK201C7137-RG","usgovvirginia","Standard_DS3_v2","Linux","Unknown","Billing Only","Mapped","1501","","","208.05"
"920c2fb758b54159bb9ecc829884c57f","CNG-PROD-INT-EAST-VISN20-MRG-BRK201C7137-RG","usgovvirginia","Standard_DS3_v2","Linux","Unknown","Billing Only","Mapped","1501","","","208.05"
"956e9f86ebaa411da6e33195854920fc","CNG-PROD-INT-EAST-VISN20-MRG-BRK201C7137-RG","usgovvirginia","Standard_DS3_v2","Linux","Unknown","Billing Only","Mapped","1501","","","208.05"
"992aca53727842bd912c97478fcba344","CNG-PROD-INT-EAST-VISN20-MRG-BRK201C7137-RG","usgovvirginia","Standard_DS3_v2","Linux","Unknown","Billing Only","Mapped","1501","","","208.05"
"a7ab2462cede44cd82bf8ec8af89e2e1","CNG-PROD-INT-EAST-VISN20-MRG-BRK201C7137-RG","usgovvirginia","Standard_DS3_v2","Linux","Unknown","Billing Only","Mapped","1501","","","208.05"
"b88e61326086486497396fef54dae22b","CNG-PROD-INT-EAST-VISN20-MRG-BRK201C7137-RG","usgovvirginia","Standard_DS3_v2","Linux","Unknown","Billing Only","Mapped","1501","","","208.05"
"ba8d5a5e45c24e8ca51937d187051eda","CNG-PROD-INT-EAST-VISN20-MRG-BRK201C7137-RG","usgovvirginia","Standard_DS3_v2","Linux","Unknown","Billing Only","Mapped","1501","","","208.05"
"d44c44477cbc4066b5fd12609328d129","CNG-PROD-INT-EAST-VISN20-MRG-BRK201C7137-RG","usgovvirginia","Standard_DS3_v2","Linux","Unknown","Billing Only","Mapped","1501","","","208.05"
"ecd0451657fb4f4bbf6a01bccc9f8a45","CNG-PROD-INT-EAST-VISN20-MRG-BRK201C7137-RG","usgovvirginia","Standard_DS3_v2","Linux","Unknown","Billing Only","Mapped","1501","","","208.05"
"62a558dce59545a5af3c031d9b2a6fe9","CNG-PROD-INT-EAST-VISN21-MRG-BRK201C22177-RG","usgovvirginia","Standard_E8d_v4","Linux","Unknown","Billing Only","Mapped","1501","","","505.16"
"b1d3b80cb0444501a32a9e9b3c79d288","CNG-PROD-INT-EAST-VISN21-MRG-BRK201C22177-RG","usgovvirginia","Standard_E8d_v4","Linux","Unknown","Billing Only","Mapped","1501","","","505.16"
"bdfe2f7419a540a5957ad6a9f36efee4","CNG-PROD-INT-EAST-VISN21-MRG-BRK201C22177-RG","usgovvirginia","Standard_E8d_v4","Linux","Unknown","Billing Only","Mapped","1501","","","505.16"
"54349c5d9e7549009f97529a37b42a3c","CNG-PROD-INT-EAST-WSNC-MRG-BRK201C21744-RG","usgovvirginia","Standard_E8d_v4","Linux","Unknown","Billing Only","Mapped","1501","","","505.16"
"70b8b4157fc64d6182e317c2367aeebf","CNG-PROD-INT-EAST-WSNC-MRG-BRK201C21744-RG","usgovvirginia","Standard_E8d_v4","Linux","Unknown","Billing Only","Mapped","1501","","","505.16"
"c2f57afb2b514de9a0176ba0778a2aff","CNG-PROD-INT-EAST-WSNC-MRG-BRK201C21744-RG","usgovvirginia","Standard_E8d_v4","Linux","Unknown","Billing Only","Mapped","1501","","","505.16"
