"ControlID","SubscriptionName","ResourceName","Status","Detail","CheckedAt"
"2.01.03","MSP-GOV-INTERNAL","SqlServers","PASS","Defender tier: Standard","2026-06-04T15:32:59.2486769-05:00"
"2.01.03","MSP-GOV-INTERNAL","OpenSourceRelationalDatabases","PASS","Defender tier: Standard","2026-06-04T15:32:59.5723140-05:00"
"2.01.14","MSP-GOV-INTERNAL","DataProtectionSecurityCenter","PASS","Disabled params: ","2026-06-04T15:33:00.5322430-05:00"
"2.01.14","MSP-GOV-INTERNAL","OpenSourceRelationalDatabasesProtectionSecurityCenter","PASS","Disabled params: ","2026-06-04T15:33:00.5332645-05:00"
"2.01.15","MSP-GOV-INTERNAL","MSP-GOV-INTERNAL","FAIL","MMA auto-provision: ","2026-06-04T15:33:01.4617706-05:00"
"2.01.19","MSP-GOV-INTERNAL","MSP-GOV-INTERNAL","FAIL","Security contacts: ","2026-06-04T15:33:02.6193831-05:00"
"3.01","MSP-GOV-INTERNAL","msddevlogicteststor","PASS","EnableHttpsTrafficOnly=True","2026-06-04T15:33:04.1667003-05:00"
"3.01","MSP-GOV-INTERNAL","vetcenterdevportallogs","PASS","EnableHttpsTrafficOnly=True","2026-06-04T15:33:04.1674025-05:00"
"3.02","MSP-GOV-INTERNAL","msddevlogicteststor","FAIL","InfraEncryption=False","2026-06-04T15:33:05.0031717-05:00"
"3.02","MSP-GOV-INTERNAL","vetcenterdevportallogs","FAIL","InfraEncryption=False","2026-06-04T15:33:05.0054472-05:00"
"3.05","MSP-GOV-INTERNAL","msddevlogicteststor","UNKNOWN","The client 'https://login.microsoftonline.com/e95f1b23-abaf-45ee-821d-b7ab251ab3bf/#Jeffrey.Christman@va.gov' with object id 'b33ec675-2a5a-4c1f-8a01-a9dc3c1f4c8d' does not have authorization to perform action 'Microsoft.Storage/storageAccounts/listKeys/action' over scope '/subscriptions/967fdb7b-a7a7-4ebc-87f2-0812601bc725/resourceGroups/MSP-DEVTEST-INT-EAST-MSP-RG/providers/Microsoft.Storage/storageAccounts/msddevlogicteststor' or the scope is invalid. If access was recently granted, please refresh your credentials.","2026-06-04T15:33:06.0189651-05:00"
"3.05","MSP-GOV-INTERNAL","vetcenterdevportallogs","UNKNOWN","The client 'https://login.microsoftonline.com/e95f1b23-abaf-45ee-821d-b7ab251ab3bf/#Jeffrey.Christman@va.gov' with object id 'b33ec675-2a5a-4c1f-8a01-a9dc3c1f4c8d' does not have authorization to perform action 'Microsoft.Storage/storageAccounts/listKeys/action' over scope '/subscriptions/967fdb7b-a7a7-4ebc-87f2-0812601bc725/resourceGroups/MSP-DEVTEST-INT-EAST-MSP-RG/providers/Microsoft.Storage/storageAccounts/vetcenterdevportallogs' or the scope is invalid. If access was recently granted, please refresh your credentials.","2026-06-04T15:33:06.2416866-05:00"
"3.08","MSP-GOV-INTERNAL","msddevlogicteststor","FAIL","DefaultNetworkAction=Allow","2026-06-04T15:33:07.0211468-05:00"
"3.08","MSP-GOV-INTERNAL","vetcenterdevportallogs","FAIL","DefaultNetworkAction=Allow","2026-06-04T15:33:07.0215933-05:00"
"3.09","MSP-GOV-INTERNAL","msddevlogicteststor","PASS","Bypass=AzureServices","2026-06-04T15:33:07.7792823-05:00"
"3.09","MSP-GOV-INTERNAL","vetcenterdevportallogs","PASS","Bypass=AzureServices","2026-06-04T15:33:07.7797313-05:00"
"3.10","MSP-GOV-INTERNAL","msddevlogicteststor","FAIL","Approved private endpoints: 0","2026-06-04T15:33:08.6002129-05:00"
"3.10","MSP-GOV-INTERNAL","vetcenterdevportallogs","FAIL","Approved private endpoints: 0","2026-06-04T15:33:08.6014944-05:00"
"3.11","MSP-GOV-INTERNAL","msddevlogicteststor","PASS","BlobSoftDelete=True ContainerSoftDelete=True","2026-06-04T15:33:09.8177288-05:00"
"3.11","MSP-GOV-INTERNAL","vetcenterdevportallogs","PASS","BlobSoftDelete=True ContainerSoftDelete=True","2026-06-04T15:33:10.1467649-05:00"
"3.12","MSP-GOV-INTERNAL","msddevlogicteststor","FAIL","KeySource=Microsoft.Storage","2026-06-04T15:33:11.0092767-05:00"
"3.12","MSP-GOV-INTERNAL","vetcenterdevportallogs","FAIL","KeySource=Microsoft.Storage","2026-06-04T15:33:11.0097252-05:00"
"3.13","MSP-GOV-INTERNAL","msddevlogicteststor","UNKNOWN","The client 'https://login.microsoftonline.com/e95f1b23-abaf-45ee-821d-b7ab251ab3bf/#Jeffrey.Christman@va.gov' with object id 'b33ec675-2a5a-4c1f-8a01-a9dc3c1f4c8d' does not have authorization to perform action 'Microsoft.Storage/storageAccounts/listKeys/action' over scope '/subscriptions/967fdb7b-a7a7-4ebc-87f2-0812601bc725/resourceGroups/MSP-DEVTEST-INT-EAST-MSP-RG/providers/Microsoft.Storage/storageAccounts/msddevlogicteststor' or the scope is invalid. If access was recently granted, please refresh your credentials.","2026-06-04T15:33:11.8952023-05:00"
"3.13","MSP-GOV-INTERNAL","vetcenterdevportallogs","UNKNOWN","The client 'https://login.microsoftonline.com/e95f1b23-abaf-45ee-821d-b7ab251ab3bf/#Jeffrey.Christman@va.gov' with object id 'b33ec675-2a5a-4c1f-8a01-a9dc3c1f4c8d' does not have authorization to perform action 'Microsoft.Storage/storageAccounts/listKeys/action' over scope '/subscriptions/967fdb7b-a7a7-4ebc-87f2-0812601bc725/resourceGroups/MSP-DEVTEST-INT-EAST-MSP-RG/providers/Microsoft.Storage/storageAccounts/vetcenterdevportallogs' or the scope is invalid. If access was recently granted, please refresh your credentials.","2026-06-04T15:33:12.1485814-05:00"
"3.15","MSP-GOV-INTERNAL","msddevlogicteststor","PASS","MinTLS=TLS1_2","2026-06-04T15:33:12.8810120-05:00"
"3.15","MSP-GOV-INTERNAL","vetcenterdevportallogs","PASS","MinTLS=TLS1_2","2026-06-04T15:33:12.8814637-05:00"
"4.05.01","MSP-GOV-INTERNAL","N/A","UNKNOWN","No Cosmos DB accounts found","2026-06-04T15:33:22.3719152-05:00"
"4.05.02","MSP-GOV-INTERNAL","N/A","UNKNOWN","No Cosmos DB accounts found","2026-06-04T15:33:25.5725596-05:00"
"5.01.02","MSP-GOV-INTERNAL","subscriptionToLa","FAIL","Missing: Administrative, Security, ServiceHealth, Alert, Recommendation, Policy, Autoscale, ResourceHealth","2026-06-04T15:33:26.3497000-05:00"
"5.01.05","MSP-GOV-INTERNAL","va-msp-devtest-east-kv","FAIL","AuditEvent logging=False","2026-06-04T15:33:27.4317900-05:00"
"5.01.05","MSP-GOV-INTERNAL","msp-mgmtkv-prod","FAIL","AuditEvent logging=False","2026-06-04T15:33:27.5712684-05:00"
"5.01.05","MSP-GOV-INTERNAL","VA-MSP-UMT-PROD","FAIL","AuditEvent logging=False","2026-06-04T15:33:27.7003778-05:00"
"5.01.06","MSP-GOV-INTERNAL","MSP-GOV-DEVTEST-EAST-N310-SUBNET-01-ECSO-NSG","FAIL","FlowLog= LAEnabled=","2026-06-04T15:33:29.1133438-05:00"
"5.01.06","MSP-GOV-INTERNAL","MSP-GOV-DEVTEST-EAST-N310-SUBNET-02-ECSO-NSG","FAIL","FlowLog= LAEnabled=","2026-06-04T15:33:29.4367050-05:00"
"5.01.06","MSP-GOV-INTERNAL","MSP-GOV-DEVTEST-EAST-N992-SUBNET-01-ECSO-NSG","FAIL","FlowLog= LAEnabled=","2026-06-04T15:33:29.7690392-05:00"
"5.01.06","MSP-GOV-INTERNAL","MSP-GOV-PREPROD-EAST-N920-SUBNET-01-ECSO-NSG","FAIL","FlowLog= LAEnabled=","2026-06-04T15:33:30.0829930-05:00"
"5.01.06","MSP-GOV-INTERNAL","MSP-GOV-PREPROD-EAST-N920-SUBNET-02-ECSO-NSG","FAIL","FlowLog= LAEnabled=","2026-06-04T15:33:30.4211031-05:00"
"5.01.06","MSP-GOV-INTERNAL","MSP-GOV-PROD-EAST-N896-SUBNET-01-ECSO-NSG","FAIL","FlowLog= LAEnabled=","2026-06-04T15:33:30.7584065-05:00"
"5.01.06","MSP-GOV-INTERNAL","MSP-GOV-PROD-EAST-N896-SUBNET-02-ECSO-NSG","FAIL","FlowLog= LAEnabled=","2026-06-04T15:33:31.0859169-05:00"
"5.01.06","MSP-GOV-INTERNAL","MSP-GOV-PROD-EAST-N936-Subnet-01a-ECSO-NSG","FAIL","FlowLog= LAEnabled=","2026-06-04T15:33:31.5086080-05:00"
"5.01.06","MSP-GOV-INTERNAL","MSP-GOV-PROD-EAST-N939-Subnet-01a-ECSO-NSG","FAIL","FlowLog= LAEnabled=","2026-06-04T15:33:31.8371835-05:00"
"5.01.06","MSP-GOV-INTERNAL","MSP-GOV-PROD-EAST-N939-Subnet-01b-ECSO-NSG","FAIL","FlowLog= LAEnabled=","2026-06-04T15:33:32.1488436-05:00"
"5.01.06","MSP-GOV-INTERNAL","MSP-GOV-PROD-EAST-N939-Subnet-01c-ECSO-NSG","FAIL","FlowLog= LAEnabled=","2026-06-04T15:33:32.6327364-05:00"
"5.01.06","MSP-GOV-INTERNAL","MSP-GOV-PROD-SOUTHWEST-N714-SUBNET-01-ECSO-NSG","FAIL","FlowLog= LAEnabled=","2026-06-04T15:33:32.9397778-05:00"
"5.01.06","MSP-GOV-INTERNAL","MSP-GOV-PROD-SOUTHWEST-N714-SUBNET-02-ECSO-NSG","FAIL","FlowLog= LAEnabled=","2026-06-04T15:33:33.2725902-05:00"
"5.01.06","MSP-GOV-INTERNAL","MSP-GOV-PROD-SOUTHWEST-N940-Subnet-01a-ECSO-NSG","FAIL","FlowLog= LAEnabled=","2026-06-04T15:33:33.5968345-05:00"
"5.01.06","MSP-GOV-INTERNAL","MSP-GOV-PROD-SOUTHWEST-N940-Subnet-01b-ECSO-NSG","FAIL","FlowLog= LAEnabled=","2026-06-04T15:33:33.9256044-05:00"
"5.01.06","MSP-GOV-INTERNAL","MSP-GOV-PROD-SOUTHWEST-N940-Subnet-01c-ECSO-NSG","FAIL","FlowLog= LAEnabled=","2026-06-04T15:33:34.3161291-05:00"
"5.01.07","MSP-GOV-INTERNAL","dev-msp-test-logic","FAIL","HTTPLogs enabled=False","2026-06-04T15:33:36.1820444-05:00"
"5.02.01","MSP-GOV-INTERNAL","MSP-GOV-INTERNAL","FAIL","Alert for 'Microsoft.Authorization/policyAssignments/write': False","2026-06-04T15:33:37.1619419-05:00"
"5.02.02","MSP-GOV-INTERNAL","MSP-GOV-INTERNAL","FAIL","Alert for 'Microsoft.Authorization/policyAssignments/delete': False","2026-06-04T15:33:37.7255603-05:00"
"5.02.03","MSP-GOV-INTERNAL","MSP-GOV-INTERNAL","FAIL","Alert for 'Microsoft.Network/networkSecurityGroups/write': False","2026-06-04T15:33:38.3163759-05:00"
"5.02.04","MSP-GOV-INTERNAL","MSP-GOV-INTERNAL","FAIL","Alert for 'Microsoft.Network/networkSecurityGroups/delete': False","2026-06-04T15:33:38.8759906-05:00"
"5.02.05","MSP-GOV-INTERNAL","MSP-GOV-INTERNAL","FAIL","Alert for 'Microsoft.Security/securitySolutions/write': False","2026-06-04T15:33:39.4156340-05:00"
"5.02.06","MSP-GOV-INTERNAL","MSP-GOV-INTERNAL","FAIL","Alert for 'Microsoft.Security/securitySolutions/delete': False","2026-06-04T15:33:39.9705881-05:00"
"5.02.07","MSP-GOV-INTERNAL","MSP-GOV-INTERNAL","FAIL","Alert for 'Microsoft.Sql/servers/firewallRules/write': False","2026-06-04T15:33:40.5261086-05:00"
"5.02.08","MSP-GOV-INTERNAL","MSP-GOV-INTERNAL","FAIL","Alert for 'Microsoft.Sql/servers/firewallRules/delete': False","2026-06-04T15:33:41.0776534-05:00"
"5.02.09","MSP-GOV-INTERNAL","MSP-GOV-INTERNAL","FAIL","Alert for 'Microsoft.Network/publicIPAddresses/write': False","2026-06-04T15:33:41.6205809-05:00"
"5.02.10","MSP-GOV-INTERNAL","MSP-GOV-INTERNAL","FAIL","Alert for 'Microsoft.Network/publicIPAddresses/delete': False","2026-06-04T15:33:42.1746290-05:00"
"5.03.01","MSP-GOV-INTERNAL","dev-msp-test-logic","FAIL","AppInsights configured=False","2026-06-04T15:33:43.1350699-05:00"
"5.05","MSP-GOV-INTERNAL","LAW:msp-prod-log-analytics","PASS","SKU=","2026-06-04T15:33:43.9812892-05:00"
"5.05","MSP-GOV-INTERNAL","LAW:va-msp-devtest-east-la","PASS","SKU=","2026-06-04T15:33:43.9817356-05:00"
"6.01","MSP-GOV-INTERNAL","MSP-GOV-DEVTEST-EAST-N310-SUBNET-01-ECSO-NSG","FAIL","RDP open rules: Allow_Any","2026-06-04T15:33:45.2598560-05:00"
"6.01","MSP-GOV-INTERNAL","MSP-GOV-DEVTEST-EAST-N310-SUBNET-02-ECSO-NSG","FAIL","RDP open rules: Allow_Any","2026-06-04T15:33:45.2609169-05:00"
"6.01","MSP-GOV-INTERNAL","MSP-GOV-DEVTEST-EAST-N992-SUBNET-01-ECSO-NSG","FAIL","RDP open rules: Allow_Any","2026-06-04T15:33:45.2619418-05:00"
"6.01","MSP-GOV-INTERNAL","MSP-GOV-PREPROD-EAST-N920-SUBNET-01-ECSO-NSG","FAIL","RDP open rules: Allow_Any","2026-06-04T15:33:45.2655030-05:00"
"6.01","MSP-GOV-INTERNAL","MSP-GOV-PREPROD-EAST-N920-SUBNET-02-ECSO-NSG","FAIL","RDP open rules: Allow_Any","2026-06-04T15:33:45.2666051-05:00"
"6.01","MSP-GOV-INTERNAL","MSP-GOV-PROD-EAST-N896-SUBNET-01-ECSO-NSG","FAIL","RDP open rules: Allow_Any","2026-06-04T15:33:45.2678100-05:00"
"6.01","MSP-GOV-INTERNAL","MSP-GOV-PROD-EAST-N896-SUBNET-02-ECSO-NSG","FAIL","RDP open rules: Allow_Any","2026-06-04T15:33:45.2689737-05:00"
"6.01","MSP-GOV-INTERNAL","MSP-GOV-PROD-EAST-N936-Subnet-01a-ECSO-NSG","PASS","RDP open rules: ","2026-06-04T15:33:45.2702449-05:00"
"6.01","MSP-GOV-INTERNAL","MSP-GOV-PROD-EAST-N939-Subnet-01a-ECSO-NSG","FAIL","RDP open rules: Allow_Any","2026-06-04T15:33:45.2717941-05:00"
"6.01","MSP-GOV-INTERNAL","MSP-GOV-PROD-EAST-N939-Subnet-01b-ECSO-NSG","FAIL","RDP open rules: Allow_Any","2026-06-04T15:33:45.2736628-05:00"
"6.01","MSP-GOV-INTERNAL","MSP-GOV-PROD-EAST-N939-Subnet-01c-ECSO-NSG","FAIL","RDP open rules: Allow_Any","2026-06-04T15:33:45.2747279-05:00"
"6.01","MSP-GOV-INTERNAL","MSP-GOV-PROD-SOUTHWEST-N714-SUBNET-01-ECSO-NSG","FAIL","RDP open rules: Allow_Any","2026-06-04T15:33:45.2757771-05:00"
"6.01","MSP-GOV-INTERNAL","MSP-GOV-PROD-SOUTHWEST-N714-SUBNET-02-ECSO-NSG","FAIL","RDP open rules: Allow_Any","2026-06-04T15:33:45.2768321-05:00"
"6.01","MSP-GOV-INTERNAL","MSP-GOV-PROD-SOUTHWEST-N940-Subnet-01a-ECSO-NSG","FAIL","RDP open rules: Allow_Any","2026-06-04T15:33:45.2778791-05:00"
"6.01","MSP-GOV-INTERNAL","MSP-GOV-PROD-SOUTHWEST-N940-Subnet-01b-ECSO-NSG","FAIL","RDP open rules: Allow_Any","2026-06-04T15:33:45.2797300-05:00"
"6.01","MSP-GOV-INTERNAL","MSP-GOV-PROD-SOUTHWEST-N940-Subnet-01c-ECSO-NSG","FAIL","RDP open rules: Allow_Any","2026-06-04T15:33:45.2807855-05:00"
"6.02","MSP-GOV-INTERNAL","MSP-GOV-DEVTEST-EAST-N310-SUBNET-01-ECSO-NSG","FAIL","SSH open rules: Allow_Any","2026-06-04T15:33:46.1990023-05:00"
"6.02","MSP-GOV-INTERNAL","MSP-GOV-DEVTEST-EAST-N310-SUBNET-02-ECSO-NSG","FAIL","SSH open rules: Allow_Any","2026-06-04T15:33:46.2003412-05:00"
"6.02","MSP-GOV-INTERNAL","MSP-GOV-DEVTEST-EAST-N992-SUBNET-01-ECSO-NSG","FAIL","SSH open rules: Allow_Any","2026-06-04T15:33:46.2042794-05:00"
"6.02","MSP-GOV-INTERNAL","MSP-GOV-PREPROD-EAST-N920-SUBNET-01-ECSO-NSG","FAIL","SSH open rules: Allow_Any","2026-06-04T15:33:46.2054029-05:00"
"6.02","MSP-GOV-INTERNAL","MSP-GOV-PREPROD-EAST-N920-SUBNET-02-ECSO-NSG","FAIL","SSH open rules: Allow_Any","2026-06-04T15:33:46.2064931-05:00"
"6.02","MSP-GOV-INTERNAL","MSP-GOV-PROD-EAST-N896-SUBNET-01-ECSO-NSG","FAIL","SSH open rules: Allow_Any","2026-06-04T15:33:46.2075928-05:00"
"6.02","MSP-GOV-INTERNAL","MSP-GOV-PROD-EAST-N896-SUBNET-02-ECSO-NSG","FAIL","SSH open rules: Allow_Any","2026-06-04T15:33:46.2086736-05:00"
"6.02","MSP-GOV-INTERNAL","MSP-GOV-PROD-EAST-N936-Subnet-01a-ECSO-NSG","PASS","SSH open rules: ","2026-06-04T15:33:46.2104023-05:00"
"6.02","MSP-GOV-INTERNAL","MSP-GOV-PROD-EAST-N939-Subnet-01a-ECSO-NSG","FAIL","SSH open rules: Allow_Any","2026-06-04T15:33:46.2115018-05:00"
"6.02","MSP-GOV-INTERNAL","MSP-GOV-PROD-EAST-N939-Subnet-01b-ECSO-NSG","FAIL","SSH open rules: Allow_Any","2026-06-04T15:33:46.2125936-05:00"
"6.02","MSP-GOV-INTERNAL","MSP-GOV-PROD-EAST-N939-Subnet-01c-ECSO-NSG","FAIL","SSH open rules: Allow_Any","2026-06-04T15:33:46.2138039-05:00"
"6.02","MSP-GOV-INTERNAL","MSP-GOV-PROD-SOUTHWEST-N714-SUBNET-01-ECSO-NSG","FAIL","SSH open rules: Allow_Any","2026-06-04T15:33:46.2154108-05:00"
"6.02","MSP-GOV-INTERNAL","MSP-GOV-PROD-SOUTHWEST-N714-SUBNET-02-ECSO-NSG","FAIL","SSH open rules: Allow_Any","2026-06-04T15:33:46.2173274-05:00"
"6.02","MSP-GOV-INTERNAL","MSP-GOV-PROD-SOUTHWEST-N940-Subnet-01a-ECSO-NSG","FAIL","SSH open rules: Allow_Any","2026-06-04T15:33:46.2184225-05:00"
"6.02","MSP-GOV-INTERNAL","MSP-GOV-PROD-SOUTHWEST-N940-Subnet-01b-ECSO-NSG","FAIL","SSH open rules: Allow_Any","2026-06-04T15:33:46.2195196-05:00"
"6.02","MSP-GOV-INTERNAL","MSP-GOV-PROD-SOUTHWEST-N940-Subnet-01c-ECSO-NSG","FAIL","SSH open rules: Allow_Any","2026-06-04T15:33:46.2206051-05:00"
"6.03","MSP-GOV-INTERNAL","MSP-GOV-DEVTEST-EAST-N310-SUBNET-01-ECSO-NSG","FAIL","UDP open rules: Allow_Any","2026-06-04T15:33:47.2530330-05:00"
"6.03","MSP-GOV-INTERNAL","MSP-GOV-DEVTEST-EAST-N310-SUBNET-02-ECSO-NSG","FAIL","UDP open rules: Allow_Any","2026-06-04T15:33:47.2540350-05:00"
"6.03","MSP-GOV-INTERNAL","MSP-GOV-DEVTEST-EAST-N992-SUBNET-01-ECSO-NSG","FAIL","UDP open rules: Allow_Any","2026-06-04T15:33:47.2550350-05:00"
"6.03","MSP-GOV-INTERNAL","MSP-GOV-PREPROD-EAST-N920-SUBNET-01-ECSO-NSG","FAIL","UDP open rules: Allow_Any","2026-06-04T15:33:47.2560496-05:00"
"6.03","MSP-GOV-INTERNAL","MSP-GOV-PREPROD-EAST-N920-SUBNET-02-ECSO-NSG","FAIL","UDP open rules: Allow_Any","2026-06-04T15:33:47.2570351-05:00"
"6.03","MSP-GOV-INTERNAL","MSP-GOV-PROD-EAST-N896-SUBNET-01-ECSO-NSG","FAIL","UDP open rules: Allow_Any","2026-06-04T15:33:47.2604908-05:00"
"6.03","MSP-GOV-INTERNAL","MSP-GOV-PROD-EAST-N896-SUBNET-02-ECSO-NSG","FAIL","UDP open rules: Allow_Any","2026-06-04T15:33:47.2614770-05:00"
"6.03","MSP-GOV-INTERNAL","MSP-GOV-PROD-EAST-N936-Subnet-01a-ECSO-NSG","PASS","UDP open rules: ","2026-06-04T15:33:47.2624270-05:00"
"6.03","MSP-GOV-INTERNAL","MSP-GOV-PROD-EAST-N939-Subnet-01a-ECSO-NSG","FAIL","UDP open rules: Allow_Any","2026-06-04T15:33:47.2634134-05:00"
"6.03","MSP-GOV-INTERNAL","MSP-GOV-PROD-EAST-N939-Subnet-01b-ECSO-NSG","FAIL","UDP open rules: Allow_Any","2026-06-04T15:33:47.2643932-05:00"
"6.03","MSP-GOV-INTERNAL","MSP-GOV-PROD-EAST-N939-Subnet-01c-ECSO-NSG","FAIL","UDP open rules: Allow_Any","2026-06-04T15:33:47.2660689-05:00"
"6.03","MSP-GOV-INTERNAL","MSP-GOV-PROD-SOUTHWEST-N714-SUBNET-01-ECSO-NSG","FAIL","UDP open rules: Allow_Any","2026-06-04T15:33:47.2670965-05:00"
"6.03","MSP-GOV-INTERNAL","MSP-GOV-PROD-SOUTHWEST-N714-SUBNET-02-ECSO-NSG","FAIL","UDP open rules: Allow_Any","2026-06-04T15:33:47.2683149-05:00"
"6.03","MSP-GOV-INTERNAL","MSP-GOV-PROD-SOUTHWEST-N940-Subnet-01a-ECSO-NSG","FAIL","UDP open rules: Allow_Any","2026-06-04T15:33:47.2693235-05:00"
"6.03","MSP-GOV-INTERNAL","MSP-GOV-PROD-SOUTHWEST-N940-Subnet-01b-ECSO-NSG","FAIL","UDP open rules: Allow_Any","2026-06-04T15:33:47.2703236-05:00"
"6.03","MSP-GOV-INTERNAL","MSP-GOV-PROD-SOUTHWEST-N940-Subnet-01c-ECSO-NSG","FAIL","UDP open rules: Allow_Any","2026-06-04T15:33:47.2720559-05:00"
"6.04","MSP-GOV-INTERNAL","MSP-GOV-DEVTEST-EAST-N310-SUBNET-01-ECSO-NSG","FAIL","HTTP/S open rules: Allow_Any","2026-06-04T15:33:48.1397082-05:00"
"6.04","MSP-GOV-INTERNAL","MSP-GOV-DEVTEST-EAST-N310-SUBNET-02-ECSO-NSG","FAIL","HTTP/S open rules: Allow_Any","2026-06-04T15:33:48.1409639-05:00"
"6.04","MSP-GOV-INTERNAL","MSP-GOV-DEVTEST-EAST-N992-SUBNET-01-ECSO-NSG","FAIL","HTTP/S open rules: Allow_Any","2026-06-04T15:33:48.1421863-05:00"
"6.04","MSP-GOV-INTERNAL","MSP-GOV-PREPROD-EAST-N920-SUBNET-01-ECSO-NSG","FAIL","HTTP/S open rules: Allow_Any","2026-06-04T15:33:48.1469398-05:00"
"6.04","MSP-GOV-INTERNAL","MSP-GOV-PREPROD-EAST-N920-SUBNET-02-ECSO-NSG","FAIL","HTTP/S open rules: Allow_Any","2026-06-04T15:33:48.1483067-05:00"
"6.04","MSP-GOV-INTERNAL","MSP-GOV-PROD-EAST-N896-SUBNET-01-ECSO-NSG","FAIL","HTTP/S open rules: Allow_Any","2026-06-04T15:33:48.1494409-05:00"
"6.04","MSP-GOV-INTERNAL","MSP-GOV-PROD-EAST-N896-SUBNET-02-ECSO-NSG","FAIL","HTTP/S open rules: Allow_Any","2026-06-04T15:33:48.1506566-05:00"
"6.04","MSP-GOV-INTERNAL","MSP-GOV-PROD-EAST-N936-Subnet-01a-ECSO-NSG","PASS","HTTP/S open rules: ","2026-06-04T15:33:48.1517042-05:00"
"6.04","MSP-GOV-INTERNAL","MSP-GOV-PROD-EAST-N939-Subnet-01a-ECSO-NSG","FAIL","HTTP/S open rules: Allow_Any","2026-06-04T15:33:48.1537629-05:00"
"6.04","MSP-GOV-INTERNAL","MSP-GOV-PROD-EAST-N939-Subnet-01b-ECSO-NSG","FAIL","HTTP/S open rules: Allow_Any","2026-06-04T15:33:48.1549197-05:00"
"6.04","MSP-GOV-INTERNAL","MSP-GOV-PROD-EAST-N939-Subnet-01c-ECSO-NSG","FAIL","HTTP/S open rules: Allow_Any","2026-06-04T15:33:48.1560400-05:00"
"6.04","MSP-GOV-INTERNAL","MSP-GOV-PROD-SOUTHWEST-N714-SUBNET-01-ECSO-NSG","FAIL","HTTP/S open rules: Allow_Any","2026-06-04T15:33:48.1571665-05:00"
"6.04","MSP-GOV-INTERNAL","MSP-GOV-PROD-SOUTHWEST-N714-SUBNET-02-ECSO-NSG","FAIL","HTTP/S open rules: Allow_Any","2026-06-04T15:33:48.1582818-05:00"
"6.04","MSP-GOV-INTERNAL","MSP-GOV-PROD-SOUTHWEST-N940-Subnet-01a-ECSO-NSG","FAIL","HTTP/S open rules: Allow_Any","2026-06-04T15:33:48.1606872-05:00"
"6.04","MSP-GOV-INTERNAL","MSP-GOV-PROD-SOUTHWEST-N940-Subnet-01b-ECSO-NSG","FAIL","HTTP/S open rules: Allow_Any","2026-06-04T15:33:48.1619412-05:00"
"6.04","MSP-GOV-INTERNAL","MSP-GOV-PROD-SOUTHWEST-N940-Subnet-01c-ECSO-NSG","FAIL","HTTP/S open rules: Allow_Any","2026-06-04T15:33:48.1631234-05:00"
"6.05","MSP-GOV-INTERNAL","MSP-GOV-DEVTEST-EAST-N310-SUBNET-01-ECSO-NSG","FAIL","Retention= days Enabled=","2026-06-04T15:33:49.4147665-05:00"
"6.05","MSP-GOV-INTERNAL","MSP-GOV-DEVTEST-EAST-N310-SUBNET-02-ECSO-NSG","FAIL","Retention= days Enabled=","2026-06-04T15:33:49.7675856-05:00"
"6.05","MSP-GOV-INTERNAL","MSP-GOV-DEVTEST-EAST-N992-SUBNET-01-ECSO-NSG","FAIL","Retention= days Enabled=","2026-06-04T15:33:50.1052489-05:00"
"6.05","MSP-GOV-INTERNAL","MSP-GOV-PREPROD-EAST-N920-SUBNET-01-ECSO-NSG","FAIL","Retention= days Enabled=","2026-06-04T15:33:50.6692959-05:00"
"6.05","MSP-GOV-INTERNAL","MSP-GOV-PREPROD-EAST-N920-SUBNET-02-ECSO-NSG","FAIL","Retention= days Enabled=","2026-06-04T15:33:51.0487602-05:00"
"6.05","MSP-GOV-INTERNAL","MSP-GOV-PROD-EAST-N896-SUBNET-01-ECSO-NSG","FAIL","Retention= days Enabled=","2026-06-04T15:33:51.4502975-05:00"
"6.05","MSP-GOV-INTERNAL","MSP-GOV-PROD-EAST-N896-SUBNET-02-ECSO-NSG","FAIL","Retention= days Enabled=","2026-06-04T15:33:51.7969718-05:00"
"6.05","MSP-GOV-INTERNAL","MSP-GOV-PROD-EAST-N936-Subnet-01a-ECSO-NSG","FAIL","Retention= days Enabled=","2026-06-04T15:33:52.1667582-05:00"
"6.05","MSP-GOV-INTERNAL","MSP-GOV-PROD-EAST-N939-Subnet-01a-ECSO-NSG","FAIL","Retention= days Enabled=","2026-06-04T15:33:52.5791791-05:00"
"6.05","MSP-GOV-INTERNAL","MSP-GOV-PROD-EAST-N939-Subnet-01b-ECSO-NSG","FAIL","Retention= days Enabled=","2026-06-04T15:33:52.9485253-05:00"
"6.05","MSP-GOV-INTERNAL","MSP-GOV-PROD-EAST-N939-Subnet-01c-ECSO-NSG","FAIL","Retention= days Enabled=","2026-06-04T15:33:53.2967037-05:00"
"6.05","MSP-GOV-INTERNAL","MSP-GOV-PROD-SOUTHWEST-N714-SUBNET-01-ECSO-NSG","FAIL","Retention= days Enabled=","2026-06-04T15:33:53.6534057-05:00"
"6.05","MSP-GOV-INTERNAL","MSP-GOV-PROD-SOUTHWEST-N714-SUBNET-02-ECSO-NSG","FAIL","Retention= days Enabled=","2026-06-04T15:33:54.0288132-05:00"
"6.05","MSP-GOV-INTERNAL","MSP-GOV-PROD-SOUTHWEST-N940-Subnet-01a-ECSO-NSG","FAIL","Retention= days Enabled=","2026-06-04T15:33:54.3808402-05:00"
"6.05","MSP-GOV-INTERNAL","MSP-GOV-PROD-SOUTHWEST-N940-Subnet-01b-ECSO-NSG","FAIL","Retention= days Enabled=","2026-06-04T15:33:54.6887647-05:00"
"6.05","MSP-GOV-INTERNAL","MSP-GOV-PROD-SOUTHWEST-N940-Subnet-01c-ECSO-NSG","FAIL","Retention= days Enabled=","2026-06-04T15:33:55.0063901-05:00"
"7.01","MSP-GOV-INTERNAL","MSP-GOV-INTERNAL","FAIL","Bastion hosts: 0","2026-06-04T15:33:55.7659078-05:00"
"8.05","MSP-GOV-INTERNAL","va-msp-devtest-east-kv","FAIL","SoftDelete= PurgeProtection=","2026-06-04T15:34:04.2347305-05:00"
"8.05","MSP-GOV-INTERNAL","msp-mgmtkv-prod","FAIL","SoftDelete= PurgeProtection=","2026-06-04T15:34:04.2352289-05:00"
"8.05","MSP-GOV-INTERNAL","VA-MSP-UMT-PROD","FAIL","SoftDelete= PurgeProtection=","2026-06-04T15:34:04.2356516-05:00"
"8.06","MSP-GOV-INTERNAL","va-msp-devtest-east-kv","FAIL","RBACEnabled=","2026-06-04T15:34:04.9687097-05:00"
"8.06","MSP-GOV-INTERNAL","msp-mgmtkv-prod","FAIL","RBACEnabled=","2026-06-04T15:34:04.9691836-05:00"
"8.06","MSP-GOV-INTERNAL","VA-MSP-UMT-PROD","FAIL","RBACEnabled=","2026-06-04T15:34:04.9697313-05:00"
"8.07","MSP-GOV-INTERNAL","va-msp-devtest-east-kv","FAIL","Approved PEs: 0","2026-06-04T15:34:05.6921431-05:00"
"8.07","MSP-GOV-INTERNAL","msp-mgmtkv-prod","FAIL","Approved PEs: 0","2026-06-04T15:34:05.6932683-05:00"
"8.07","MSP-GOV-INTERNAL","VA-MSP-UMT-PROD","FAIL","Approved PEs: 0","2026-06-04T15:34:05.6967740-05:00"
"9.01","MSP-GOV-INTERNAL","dev-msp-test-logic","FAIL","AuthEnabled=","2026-06-04T15:34:07.1519646-05:00"
"9.04","MSP-GOV-INTERNAL","dev-msp-test-logic","FAIL","ClientCertEnabled=False","2026-06-04T15:34:08.1856640-05:00"
"9.05","MSP-GOV-INTERNAL","dev-msp-test-logic","PASS","ManagedIdentity=SystemAssigned","2026-06-04T15:34:09.2128080-05:00"
"9.09","MSP-GOV-INTERNAL","dev-msp-test-logic","FAIL","Http20Enabled=","2026-06-04T15:34:10.3300294-05:00"
